<hybrisconfig xmlns:xsi='http://www.w3.org/2001/XMLSchema-instance' xsi:noNamespaceSchemaLocation='../bin/platform/resources/schemas/extensions.xsd'>
  <extensions>
    <path dir='${HYBRIS_BIN_DIR}' autoload='false' />
    <extension name='adaptivesearch' />
    <extension name='adaptivesearchbackoffice' />
    <extension name='adaptivesearchfacades' />
    <extension name='adaptivesearchsamplesaddon' />
    <extension name='adaptivesearchsolr' />
    <extension name='adaptivesearchwebservices' />
    <extension name='apiregistrybackoffice' />
    <extension name='apiregistryservices' />
    <extension name='assistedservicecustomerinterestsaddon' />
    <extension name='assistedservicecustomerinterestsfacades' />
    <extension name='assistedservicefacades' />
    <extension name='assistedservicepromotionaddon' />
    <extension name='assistedservicepromotionfacades' />
    <extension name='assistedserviceservices' />
    <extension name='assistedservicestorefront' />
    <extension name='assistedservicewebservices' />
    <extension name='assistedserviceyprofileaddon' />
    <extension name='assistedserviceyprofilefacades' />
    <extension name='electronicsstore' />
    <extension name='multicountrysampledataaddon' />
    <extension name='pcmbackofficesamplesaddon' />
    <extension name='classificationgroupsservices' />
    <extension name='patchesbackoffice' />
    <extension name='patches' />
    <extension name='pcmbackoffice' />
    <extension name='backoffice' />
    <extension name='backofficesolrsearch' />
    <extension name='platformbackoffice' />
    <extension name='ybackoffice' />
    <!--<extension name='yacceleratorbackoffice' />-->
    <extension name='yacceleratorcore' />
    <extension name='yacceleratorstorefront' />
    <extension name='basecommerce' />
    <extension name='basecommercebackoffice' />
    <extension name='payment' />
    <extension name='commercefacades' />
    <extension name='commerceservices' />
    <extension name='commerceservicesbackoffice' />
    <extension name='commercewebservices' />
    <extension name='commercewebservicescommons' />
    <extension name='commercewebservicestests' />
    <extension name='yocc' />
    <extension name='yocctests' />
    <extension name='configurablebundleaddon' />
    <extension name='configurablebundlebackoffice' />
    <extension name='configurablebundlefacades' />
    <extension name='configurablebundleservices' />
    <!--<extension name='acceleratorbackoffice' />
    <extension name='acceleratorcms' />
    <extension name='acceleratorfacades' />
    <extension name='acceleratorocc' />
    <extension name='acceleratorservices' />
    <extension name='acceleratorstorefrontcommons' />-->
    <extension name='acceleratorocc' />
    <extension name='addonsupport' />
    <extension name='couponbackoffice' />
    <extension name='couponfacades' />
    <extension name='couponservices' />
    <extension name='couponwebservices' />
    <extension name='customercouponaddon' />
    <extension name='customercouponbackoffice' />
    <extension name='customercouponfacades' />
    <extension name='customercouponocc' />
    <extension name='customercouponsamplesaddon' />
    <extension name='customercouponservices' />
    <extension name='customerinterestsaddon' />
    <extension name='customerinterestsfacades' />
    <extension name='customerinterestsocc' />
    <extension name='customerinterestsservices' />
    <extension name='customersupportbackoffice' />
    <extension name='customerticketingaddon' />
    <extension name='customerticketingfacades' />
    <extension name='ticketsystem' />
    <extension name='ticketsystembackoffice' />
    <extension name='inboundservices' />
    <extension name='integrationbackoffice' />
    <extension name='integrationbackofficetest' />
    <extension name='integrationmonitoringbackoffice' />
    <extension name='integrationservices' />
    <extension name='odata2services' />
    <extension name='odata2webservices' />
    <extension name='odata2webservicesfeaturetests' />
    <extension name='outboundservices' />
    <extension name='outboundsync' />
    <extension name='outboundsyncbackoffice' />
    <extension name='webhookbackoffice' />
    <extension name='webhookservices' />
    <extension name='messagecentercsfacades' />
    <extension name='messagecentercsocc' />
    <extension name='messagecentercsservices' />
    <extension name='notificationaddon' />
    <extension name='notificationfacades' />
    <extension name='notificationocc' />
    <extension name='notificationservices' />
    <extension name='npmancillary' />
    <extension name='ordermanagementaddon' />
    <extension name='ordermanagementfacades' />
    <extension name='ordermanagementwebservices' />
    <extension name='orderselfserviceaddon' />
    <extension name='warehousing' />
    <extension name='warehousingbackoffice' />
    <extension name='warehousingfacades' />
    <extension name='warehousingwebservices' />
    <extension name='yacceleratorordermanagement' />
    <extension name='personalizationcms' />
    <extension name='personalizationcmsbackoffice' />
    <extension name='personalizationcmsweb' />
    <extension name='personalizationfacades' />
    <extension name='personalizationsampledataaddon' />
    <extension name='personalizationservices' />
    <extension name='personalizationservicesbackoffice' />
    <extension name='personalizationsmartedit' />
    <extension name='personalizationwebservices' />
    <extension name='previewpersonalizationweb' />
    <extension name='personalizationaddon' />
    <extension name='personalizationintegration' />
    <extension name='personalizationintegrationbackoffice' />
    <extension name='personalizationyprofile' />
    <extension name='personalizationyprofilesampledataaddon' />
    <extension name='personalizationpromotions' />
    <extension name='personalizationpromotionsbackoffice' />
    <extension name='personalizationpromotionssampledataaddon' />
    <extension name='personalizationpromotionssmartedit' />
    <extension name='personalizationpromotionsweb' />
    <extension name='personalizationsearch' />
    <extension name='personalizationsearchbackoffice' />
    <extension name='personalizationsearchsamplesaddon' />
    <extension name='personalizationsearchsmartedit' />
    <extension name='personalizationsearchweb' />
    <extension name='adminapi' />
    <extension name='auditreportservices' />
    <extension name='deltadetection' />
    <extension name='promotionenginebackoffice' />
    <extension name='promotionenginesamplesaddon' />
    <extension name='promotionengineservices' />
    <extension name='droolsruleengineservices' />
    <extension name='ordercalculation' />
    <extension name='rulebuilderbackoffice' />
    <extension name='ruledefinitions' />
    <extension name='ruleengine' />
    <extension name='ruleenginebackoffice' />
    <extension name='ruleengineservices' />
    <extension name='kymaintegrationbackoffice' />
    <extension name='kymaintegrationservices' />
    <extension name='solrfacetsearch' />
    <extension name='solrfacetsearchbackoffice' />
    <extension name='solrserver' />
    <extension name='selectivecartfacades' />
    <extension name='selectivecartservices' />
    <extension name='selectivecartsplitlistaddon' />
    <extension name='cmssmartedit' />
    <extension name='cmssmarteditwebservices' />
    <extension name='smartedit' />
    <extension name='smarteditaddon' />
    <extension name='smarteditwebservices' />
    <extension name='stocknotificationaddon' />
    <extension name='stocknotificationfacades' />
    <extension name='stocknotificationservices' />
    <extension name='textfieldconfiguratortemplateaddon' />
    <extension name='textfieldconfiguratortemplatebackoffice' />
    <extension name='textfieldconfiguratortemplatefacades' />
    <extension name='textfieldconfiguratortemplateocc' />
    <extension name='textfieldconfiguratortemplateocctests' />
    <extension name='textfieldconfiguratortemplateservices' />
    <extension name='timedaccesspromotionengineaddon' />
    <extension name='timedaccesspromotionenginebackoffice' />
    <extension name='timedaccesspromotionenginefacades' />
    <extension name='timedaccesspromotionengineocc' />
    <extension name='timedaccesspromotionenginesamplesaddon' />
    <extension name='timedaccesspromotionengineservices' />
    <extension name='cmsbackoffice' />
    <extension name='cmsfacades' />
    <extension name='cmsocc' />
    <extension name='cmswebservices' />
    <extension name='webservicescommons' />
    <extension name='ywebservices' />

<!-- Sample Extensions -->
    <extension name='spartacussampledata' />
<!--<extension name='kiwi' />
    <extension name='tiger'/> -->

<!-- If you want to test Cloud Hot Folders locally download the extensions from https://launchpad.support.sap.com/#/notes/2817992 and uncomment the following -->
    <!--<extension name='azurecloudhotfolder' />
    <extension name='cloudcommons' />
    <extension name='cloudhotfolder' />-->

  </extensions>
</hybrisconfig>
